#CODE;ENGLISH;FRENCH;GERMAN;;SPANISH;;;;;;;;;x
DYN1_DESC;With a score of $SCORE$ you$FAILED$ beat the Hou-Ting Dynasty, the founders of the vast city of Ba Sing Se, and the family who ruled the Earth Kingdom from the beginning to bitter end.;A;A;;A;;;;;;;;;x
DYN2_DESC;With a score of $SCORE$ you$FAILED$ beat the Hong Dynasty, who long ago united the Fire Islands and forged them into a nation that would very nearly conquer the entire world.;A;A;;A;;;;;;;;;x
DYN3_DESC;With a score of $SCORE$ you$FAILED$ beat the Beifong Dynasty, a well known and famous family throughout the Earth Kingdom before and after the advent of Metalbending;A;A;;A;;;;;;;;;x
DYN4_DESC;With a score of $SCORE$ you$FAILED$ beat the Atanniupaa Dynasty, known for many Chieftains of the Northern Water Tribe.;A;A;;A;;;;;;;;;x
DYN5_DESC;With a score of $SCORE$ you$FAILED$ beat the Giam Dynasty, A line from Omashu most commonly known for greatness and insanity.;A;A;;A;;;;;;;;;x
DYN6_DESC;With a score of $SCORE$ you$FAILED$ beat the Sato Dynasty, famous for a vast business empire.;A;A;;A;;;;;;;;;x
DYN7_DESC;With a score of $SCORE$ you$FAILED$ beat the Gan-Lan Dynasty, known for founding Cabbage Corp after finally losing too many cabbages.;A;A;;A;;;;;;;;;x
DYN8_DESC;With a score of $SCORE$ you$FAILED$ beat the Morishita Dynasty, a family of Fire Nation nobles who would set into motion the loss of the Fire Nation's colonies following a failed assassination of Firelord Zuko.;A;A;;A;;;;;;;;;x
DYN9_DESC;With a score of $SCORE$ you$FAILED$ beat the Taima Dynasty, a line of Chieftains that would rule the Southern Water Tribe.;A;A;;A;;;;;;;;;x
DYN10_DESC;With a score of $SCORE$ you$FAILED$ beat the Takahama Dynasty, the line of Avatar Kyoshi who would continue to govern Kyoshi Island.;A;A;;A;;;;;;;;;x
DYN11_DESC;With a score of $SCORE$ you$FAILED$ beat the Raiko Dynasty, only known for President Raiko of the United Republic of Nations.;A;A;;A;;;;;;;;;x
DYN12_DESC;With a score of $SCORE$ you$FAILED$ beat the Han Dynasty, the line of Avatar Roku.;A;A;;A;;;;;;;;;x
DYN13_DESC;With a score of $SCORE$ you$FAILED$ beat the Wu Dynasty, known for a particularly wise Fortuneteller.;A;A;;A;;;;;;;;;x
DYN14_DESC;With a score of $SCORE$ you$FAILED$ beat the Shinobi Dynasty, a well known reporter and sports commentator.;A;A;;A;;;;;;;;;x
DYN15_DESC;With a score of $SCORE$ you$FAILED$ beat the Mak Dynasty, a particularly ambitious family of Fire Nation nobles.;A;A;;A;;;;;;;;;x
CHRONICLE_ATLA000;Then, everything changed when the Fire Nation attacked.;A;A;;A;;;;;;;;;x
CHRONICLE_ATLA13001;In this year, inspired by their mentor Avatar Kyoshi, various female warriors would found a martial order named in her honour, the Warriors of Kyoshi.;A;A;;A;;;;;;;;;x
RULE_CAMPAIGN_EVENTS;§RFour Nations:§! Campaign Events;A;A;;A;;;;;;;;;x
RULE_CAMPAIGN_EVENTS_OPTION_ON;Campaign;A;A;;A;;;;;;;;;x
RULE_CAMPAIGN_EVENTS_OPTION_OFF;Sandbox;A;A;;A;;;;;;;;;x
RULE_CAMPAIGN_EVENTS_ON_DESC;A series of dynamic events and decisions meant to replicate the canon history of the Avatar universe are enabled.;A;A;;A;;;;;;;;;x
RULE_CAMPAIGN_EVENTS_OFF_DESC;A series of dynamic events and decisions meant to replicate the canon history of the Avatar universe are disabled.;A;A;;A;;;;;;;;;x
RULE_BENDING_EVENTS;§RFour Nations:§! Bending;A;A;;A;;;;;;;;;x
RULE_BENDING_EVENTS_OPTION_CANON;Canon;A;A;;A;;;;;;;;;x
RULE_BENDING_EVENTS_OPTION_INCREASED;Increased;A;A;;A;;;;;;;;;x
RULE_BENDING_EVENTS_OPTION_RARE;Rare;A;A;;A;;;;;;;;;x
RULE_BENDING_EVENTS_CANON_DESC;The chance of a child inheriting their parent's bending or developing it independently are aligned as closely as possible with canon.;A;A;;A;;;;;;;;;x
RULE_BENDING_EVENTS_INCREASED_DESC;There is an increased chance of a child developing bending.;A;A;;A;;;;;;;;;x
RULE_BENDING_EVENTS_RARE_DESC;Only children of benders will have the chance to develop bending.;A;A;;A;;;;;;;;;x
RULE_EK_STATUS;§RFour Nations:§! Earth Kingdom;A;A;;A;;;;;;;;;x
RULE_EK_STATUS_CANON;Default;A;A;;A;;;;;;;;;x
RULE_EK_STATUS_UNITED;United;A;A;;A;;;;;;;;;x
RULE_EK_STATUS_DISMANTLED;Dismantled;A;A;;A;;;;;;;;;x
RULE_EK_STATUS_CANON_DESC;The default setting closely models the decentralized nature of the Earth Kingdom.;A;A;;A;;;;;;;;;x
RULE_EK_STATUS_UNITED_DESC;This rule has the Earth Kingdom start as a united entity under the Earth King.;A;A;;A;;;;;;;;;x
RULE_EK_STATUS_DISMANTLED_DESC;This rule has the Earth Kingdom in such dire straits that all territories beyond Ba-Sing-Sa are independent.;A;A;;A;;;;;;;;;x
RULE_CANON_EVENTS;§RFour Nations:§! Canon;A;A;;A;;;;;;;;;x
RULE_CANON_EVENTS_FREE;Four Nations;A;A;;A;;;;;;;;;x
RULE_CANON_EVENTS_FREE_DESC;All events are enabled, providing the most content and best experience. Events concerning parts of the Avatar universe considered non-canon are enabled.;A;A;;A;;;;;;;;;x
RULE_CANON_EVENTS_SEMI_CANON;Semi-Canon;A;A;;A;;;;;;;;;x
RULE_CANON_EVENTS_SEMI_CANON_DESC;Events are are possible within the Avatar Universe but not strictly canon will be enabled.;A;A;;A;;;;;;;;;x
RULE_CANON_EVENTS_CANON;Strict Canon;A;A;;A;;;;;;;;;x
RULE_CANON_EVENTS_CANON_DESC;Events are strictly in line with what is considered canon for the Avatar universe.;A;A;;A;;;;;;;;;x
RULE_EPIDEMICS_DYNAMIC_DESC;Epidemics are enabled and more deadly ones will arrive after a certain amount of time.;A;A;;A;;;;;;;;;x
RULE_EPIDEMICS_HISTORICAL_DESC;Epidemics will not play an important part in the game and will be rare.;A;A;;A;;;;;;;;;x
RULE_EPIDEMICS_DEADLY_DESC;Epidemics are increased in frequency and are far more deadly.;A;A;;A;;;;;;;;;x
DEATH_BY_FIREBENER;was murdered by the Southern Raider $KILLER$;A;A;;A;;;;;;;;;x
DEATH_BY_FIREBENER_NO_KILLER;was murdered by Southern Raiders.;A;A;;A;;;;;;;;;x
DEATH_VOLCANO;perished in the aftermath of a volcanic eruption;A;A;;A;;;;;;;;;x
DEATH_BY_DRAGON;was killed by a powerful dragon.;A;A;;A;;;;;;;;;x
DEATH_BY_MOON;sacrificed her life to restore the Spirit Tui.;A;A;;A;;;;;;;;;x
DEATH_VOLCANO_NO_KILLER;perished in the aftermath of a volcanic eruption;A;A;;A;;;;;;;;;x
DEATH_BY_DRAGON_NO_KILLER;was killed by a powerful dragon.;A;A;;A;;;;;;;;;x
DEATH_BY_MOON_NO_KILLER;sacrificed her life to restore the Spirit Tui.;A;A;;A;;;;;;;;;x
EVTNAME_ATLA_RIP_10001;Comet's Wake;A;A;;A;;;;;;;;;x
EVTDESC_ATLA_RIP_10001;Months since the Comet shot through the skies, the wind has carried the ashes of everything destroyed by the Fire Nation's ruthless campaign of destruction. Dark clouds have blanketed some corners of the earth, bringing famine. Now, reports are coming in of a sickness spreading amongst those exposed to the ash. Clearly, a crisis is developing.;A;A;;A;;;;;;;;;x
EVTDESC_ATLA_RIP_4501;Our factories are home to many dedicated craftsmen as well as military engineers, and one such man as caught his superior's attention as a highly talented engineer. Perhaps his talents could better serve us directly?;A;A;;A;;;;;;;;;x
EVTOPTA_ATLA_RIP_4501;Yes, he could be of use.;A;A;;A;;;;;;;;;x
EVTOPTB_ATLA_RIP_4501;We have no need of some overqualified worker.;A;A;;A;;;;;;;;;x
EVTDESC_ATLA_RIP_4514;The Agricultural Plant we built has allowed us to amass a considerable stockpile of preserved foodstuffs. As harvests turn poor however, many in the province starve. Our advisors are wondering if we should distribute some of the stockpile to ease the burden.;A;A;;A;;;;;;;;;x
EVTOPTA_ATLA_RIP_4514;Of course we will.;A;A;;A;;;;;;;;;x
EVTOPTB_ATLA_RIP_4514;Of course we will, for a price.;A;A;;A;;;;;;;;;x
EVTDESC_ATLA_RIP_4512;A report is coming in that workers for our factory in the [hospital_location.GetName] province are protesting for better conditions after too many of their fellow workers have become maimed or killed by machinery incidents.;A;A;;A;;;;;;;;;x
EVTOPTA_ATLA_RIP_4512;We'll make sure the factory is made safer.;A;A;;A;;;;;;;;;x
EVTOPTB_ATLA_RIP_4512;Send the troops in to put them back to work!;A;A;;A;;;;;;;;;x
EVTDESC_ATLA_RIP_4504;Recently, villages have begun to loudly protest the presence of a factory in their province, [hospital_location.GetName]. They are saying that the waste from the factory has ruined their water and poisoned their land.;A;A;;A;;;;;;;;;x
EVTOPTA_ATLA_RIP_4504;We'll compensate them and put an end to this waste problem.;A;A;;A;;;;;;;;;x
EVTOPTB_ATLA_RIP_4504;Bah, the factory is worth more than a few thousand peasants.;A;A;;A;;;;;;;;;x
EVTDESC_ATLA_RIP_4505;After rejecting a petition to clean up our factories sometime ago, landowners have taken to sabotaging our factories in the [hospital_location.GetName] province. Advisors are split whether we should fix the problem or whether we should crush this act of rebellion.;A;A;;A;;;;;;;;;x
EVTOPTA_ATLA_RIP_4505;We'll put an end to this issue then.;A;A;;A;;;;;;;;;x
EVTOPTB_ATLA_RIP_4505;Send in the army and put these rebels down!;A;A;;A;;;;;;;;;x
EVTDESC_ATLA_RIP_4520;Recently, at our factory in the [hospital_location.GetName] province, a chemical vat as exploded, seriously injuring numerous workers and shutting down the plant. It will take some cost to repair, but workers are clamouring for compensation.;A;A;;A;;;;;;;;;x
EVTOPTA_ATLA_RIP_4520;We'll will pay workers and their families what they are owed.;A;A;;A;;;;;;;;;x
EVTOPTC_ATLA_RIP_4520;We'll only pay for repairs, the workers knew the risks.;A;A;;A;;;;;;;;;x
damaged_factory;Damaged Factory;A;A;;A;;;;;;;;;x
ask_to_convert;Enforce Doctrine;A;A;;A;;;;;;;;;x
ask_to_convert_desc;It is time I shared my philosophy about life with [This.GetBestName] so that we can both strive for common ideals.;A;A;;A;;;;;;;;;x
will_not_convert_because_of_virtue;Does not consider doctrine unjust.\n;A;A;;A;;;;;;;;;x
will_not_convert_because_of_culture;Does not consider doctrine as a threat.\n;A;A;;A;;;;;;;;;x
will_not_convert_because_of_zeal;Is not zealous about [This.GetHerHis] current doctrine.\n;A;A;;A;;;;;;;;;x
will_not_convert_because_of_minority;Is not an accepted minority.\n;A;A;;A;;;;;;;;;x
will_not_convert_because_of_religion;Does not hold onto current ideals.\n;A;A;;A;;;;;;;;;x
will_not_convert_because_of_low_opinion;Does not dislike liege.\n;A;A;;A;;;;;;;;;x
will_convert_because_of_kin;Willing to convert because of close family.\n;A;A;;A;;;;;;;;;x
will_convert_because_likes_liege;Willing to convert because of opinion.\n;A;A;;A;;;;;;;;;x
will_convert_because_cannot_refuse;Willing to convert because of unimportance.\n;A;A;;A;;;;;;;;;x
will_convert_because_likes_religion;Willing to convert because of appeal.\n;A;A;;A;;;;;;;;;x
secret_religious_society_earth_spirituality;The Shrine Keepers;A;;A;;;;;;;;;x
secret_religious_society_earth_spirituality_desc;When all others have abandoned our most ancient and sacred traditions, this society will continue to uphold them. Constant work must be done to maintain the countless shrines scattered across the ancestral lands of our ancestors, to show the Spirits that not all have forgotten their obligations.;A;;A;;;;;;;;;x
secret_religious_society_earth_spirituality_rank_1_female;Acolyte;Fidèle;Getreue;;Fiel;;;;;;;;;x
secret_religious_society_earth_spirituality_rank_2_female;Sage;Adhérente;Anhängerin;;Seguidora;;;;;;;;;x
secret_religious_society_earth_spirituality_rank_3_female;Keeper;Prêcheuse;Predigerin;;Predicadora;;;;;;;;;x
secret_religious_society_earth_spirituality_rank_4_female;Preserver;Messagère;Herold;;Mensajera;;;;;;;;;x
secret_religious_society_earth_spirituality_rank_1_male;Acolyte;Fidèle;Getreuer;;Fiel;;;;;;;;;x
secret_religious_society_earth_spirituality_rank_2_male;Sage;Adhérent;Anhänger;;Seguidor;;;;;;;;;x
secret_religious_society_earth_spirituality_rank_3_male;Keeper;Prêcheur;Prediger;;Predicador;;;;;;;;;x
secret_religious_society_earth_spirituality_rank_4_male;Preserver;Messager;Herold;;Mensajero;;;;;;;;;x
secret_religious_society_earth_spirituality_leader_desc;The Preserver of the Shrines and leader of $SOCIETY|Y$, leading the grand effort of bringing more people into the fold.;Le grand prêtre de $SOCIETY|Y$ dirige l'effort mondial visant à rassembler davantage de personnes en son sein.;Der Hohepriester des $SOCIETY|Y$-Zirkels, der die internationalen Bemühungen leitet, mehr Menschen in den Schoß der Familie zu führen.;;El Sumo sacerdote de $SOCIETY|Y$, que dirige la misión a escala internacional para atraer a más fieles.;;;;;;;;;x
secret_religious_society_earth_spirituality_currency;Wisdom;Dévotion;Hingabe;;Devoción;;;;;;;;;x
secret_religious_society_ba_sing_se_cultural_heritage;Heritage Preservation League;A;;A;;;;;;;;;x
secret_religious_society_ba_sing_se_cultural_heritage_desc;Ba Sing Se's culture and heritage is more than any individual, movement or even the Earth Kingdom. Never has this city yielded to intruders, and those who work to preserve it's glory will never falter.;A;;A;;;;;;;;;x
secret_religious_society_ba_sing_se_cultural_heritage_rank_1_female;Enthusiast;Fidèle;Getreue;;Fiel;;;;;;;;;x
secret_religious_society_ba_sing_se_cultural_heritage_rank_2_female;Associate;Adhérente;Anhängerin;;Seguidora;;;;;;;;;x
secret_religious_society_ba_sing_se_cultural_heritage_rank_3_female;Agent;Prêcheuse;Predigerin;;Predicadora;;;;;;;;;x
secret_religious_society_ba_sing_se_cultural_heritage_rank_4_female;Secretariat;Messagère;Herold;;Mensajera;;;;;;;;;x
secret_religious_society_ba_sing_se_cultural_heritage_rank_1_male;Enthusiast;Fidèle;Getreuer;;Fiel;;;;;;;;;x
secret_religious_society_ba_sing_se_cultural_heritage_rank_2_male;Associate;Adhérent;Anhänger;;Seguidor;;;;;;;;;x
secret_religious_society_ba_sing_se_cultural_heritage_rank_3_male;Agent;Prêcheur;Prediger;;Predicador;;;;;;;;;x
secret_religious_society_ba_sing_se_cultural_heritage_rank_4_male;Secretariat;Messager;Herold;;Mensajero;;;;;;;;;x
secret_religious_society_ba_sing_se_cultural_heritage_leader_desc;The Secretariat and leader of the $SOCIETY|Y$, leading the grand effort of bringing more people into the fold.;Le grand prêtre de $SOCIETY|Y$ dirige l'effort mondial visant à rassembler davantage de personnes en son sein.;Der Hohepriester des $SOCIETY|Y$-Zirkels, der die internationalen Bemühungen leitet, mehr Menschen in den Schoß der Familie zu führen.;;El Sumo sacerdote de $SOCIETY|Y$, que dirige la misión a escala internacional para atraer a más fieles.;;;;;;;;;x
secret_religious_society_ba_sing_se_cultural_heritage_currency;Heritage;Dévotion;Hingabe;;Devoción;;;;;;;;;x
secret_religious_society_omashuan_ethics;Children of Oma;A;;A;;;;;;;;;x
secret_religious_society_omashuan_ethics_desc;The populace of Omashu stood long and proud against many invaders, even persevering after the great city fell to Chin the Conqueror. The people of the two tribes of Oma and Shu united countless years ago will not give up their traditions and identity easily.;A;;A;;;;;;;;;x
secret_religious_society_omashuan_ethics_rank_1_female;Enthusiast;Fidèle;Getreue;;Fiel;;;;;;;;;x
secret_religious_society_omashuan_ethics_rank_2_female;Associate;Adhérente;Anhängerin;;Seguidora;;;;;;;;;x
secret_religious_society_omashuan_ethics_rank_3_female;Agent;Prêcheuse;Predigerin;;Predicadora;;;;;;;;;x
secret_religious_society_omashuan_ethics_rank_4_female;Secretariat;Messagère;Herold;;Mensajera;;;;;;;;;x
secret_religious_society_omashuan_ethics_rank_1_male;Enthusiast;Fidèle;Getreuer;;Fiel;;;;;;;;;x
secret_religious_society_omashuan_ethics_rank_2_male;Associate;Adhérent;Anhänger;;Seguidor;;;;;;;;;x
secret_religious_society_omashuan_ethics_rank_3_male;Agent;Prêcheur;Prediger;;Predicador;;;;;;;;;x
secret_religious_society_omashuan_ethics_rank_4_male;Secretariat;Messager;Herold;;Mensajero;;;;;;;;;x
secret_religious_society_omashuan_ethics_leader_desc;The Secretariat and leader of the $SOCIETY|Y$, leading the grand effort of bringing more people into the fold.;Le grand prêtre de $SOCIETY|Y$ dirige l'effort mondial visant à rassembler davantage de personnes en son sein.;Der Hohepriester des $SOCIETY|Y$-Zirkels, der die internationalen Bemühungen leitet, mehr Menschen in den Schoß der Familie zu führen.;;El Sumo sacerdote de $SOCIETY|Y$, que dirige la misión a escala internacional para atraer a más fieles.;;;;;;;;;x
secret_religious_society_omashuan_ethics_currency;Heritage;Dévotion;Hingabe;;Devoción;;;;;;;;;x
secret_religious_society_path_of_jin_wei;Followers of Jin Wei;A;;A;;;;;;;;;x
secret_religious_society_path_of_jin_wei_desc;The righteous descendants of Jin Wei will never yield their ancestors honour to the dishonourable tribe of Wei Jin. One day, the tribe of Jin Wei will emerge victorious!;A;;A;;;;;;;;;x
secret_religious_society_path_of_jin_wei_rank_1_female;Novice;Fidèle;Getreue;;Fiel;;;;;;;;;x
secret_religious_society_path_of_jin_wei_rank_2_female;Warrior;Adhérente;Anhängerin;;Seguidora;;;;;;;;;x
secret_religious_society_path_of_jin_wei_rank_3_female;Commander;Prêcheuse;Predigerin;;Predicadora;;;;;;;;;x
secret_religious_society_path_of_jin_wei_rank_4_female;Marshal;Messagère;Herold;;Mensajera;;;;;;;;;x
secret_religious_society_path_of_jin_wei_rank_1_male;Novice;Fidèle;Getreuer;;Fiel;;;;;;;;;x
secret_religious_society_path_of_jin_wei_rank_2_male;Warrior;Adhérent;Anhänger;;Seguidor;;;;;;;;;x
secret_religious_society_path_of_jin_wei_rank_3_male;Commander;Prêcheur;Prediger;;Predicador;;;;;;;;;x
secret_religious_society_path_of_jin_wei_rank_4_male;Marshal;Messager;Herold;;Mensajero;;;;;;;;;x
secret_religious_society_path_of_jin_wei_leader_desc;Marshal and leader of the $SOCIETY|Y$, leading the grand effort of bringing more people into the fold.;Le grand prêtre de $SOCIETY|Y$ dirige l'effort mondial visant à rassembler davantage de personnes en son sein.;Der Hohepriester des $SOCIETY|Y$-Zirkels, der die internationalen Bemühungen leitet, mehr Menschen in den Schoß der Familie zu führen.;;El Sumo sacerdote de $SOCIETY|Y$, que dirige la misión a escala internacional para atraer a más fieles.;;;;;;;;;x
secret_religious_society_path_of_jin_wei_currency;Dignity;Dévotion;Hingabe;;Devoción;;;;;;;;;x
secret_religious_society_path_of_wei_jin;Followers of Wei Jin;A;;A;;;;;;;;;x
secret_religious_society_path_of_wei_jin_desc;The righteous descendants of Wei Jin will never yield their ancestors honour to the dishonourable tribe of Jin Wei. One day, the tribe of Wei Jin will emerge victorious!;A;;A;;;;;;;;;x
secret_religious_society_path_of_wei_jin_rank_1_female;Novice;Fidèle;Getreue;;Fiel;;;;;;;;;x
secret_religious_society_path_of_wei_jin_rank_2_female;Warrior;Adhérente;Anhängerin;;Seguidora;;;;;;;;;x
secret_religious_society_path_of_wei_jin_rank_3_female;Commander;Prêcheuse;Predigerin;;Predicadora;;;;;;;;;x
secret_religious_society_path_of_wei_jin_rank_4_female;Marshal;Messagère;Herold;;Mensajera;;;;;;;;;x
secret_religious_society_path_of_wei_jin_rank_1_male;Novice;Fidèle;Getreuer;;Fiel;;;;;;;;;x
secret_religious_society_path_of_wei_jin_rank_2_male;Warrior;Adhérent;Anhänger;;Seguidor;;;;;;;;;x
secret_religious_society_path_of_wei_jin_rank_3_male;Commander;Prêcheur;Prediger;;Predicador;;;;;;;;;x
secret_religious_society_path_of_wei_jin_rank_4_male;Marshal;Messager;Herold;;Mensajero;;;;;;;;;x
secret_religious_society_path_of_wei_jin_leader_desc;Marshal and leader of the $SOCIETY|Y$, leading the grand effort of bringing more people into the fold.;Le grand prêtre de $SOCIETY|Y$ dirige l'effort mondial visant à rassembler davantage de personnes en son sein.;Der Hohepriester des $SOCIETY|Y$-Zirkels, der die internationalen Bemühungen leitet, mehr Menschen in den Schoß der Familie zu führen.;;El Sumo sacerdote de $SOCIETY|Y$, que dirige la misión a escala internacional para atraer a más fieles.;;;;;;;;;x
secret_religious_society_path_of_wei_jin_currency;Dignity;Dévotion;Hingabe;;Devoción;;;;;;;;;x
secret_religious_society_the_great_serpent;The Serpent Guard;A;;A;;;;;;;;;x
secret_religious_society_the_great_serpent_desc;As the ages pass, Humanity grows more vain and arrogant. They no longer leave offerings for the Spirits, and simply blunder their way through the sacred rivers, overcoming the Great Serpents that live there by force. If it takes working in the shadows, then the Serpent Guard will do so to preserve these majestic creatures.;A;;A;;;;;;;;;x
secret_religious_society_the_great_serpent_rank_1_female;Acolyte;Fidèle;Getreue;;Fiel;;;;;;;;;x
secret_religious_society_the_great_serpent_rank_2_female;Warrior;Adhérente;Anhängerin;;Seguidora;;;;;;;;;x
secret_religious_society_the_great_serpent_rank_3_female;Protector;Prêcheuse;Predigerin;;Predicadora;;;;;;;;;x
secret_religious_society_the_great_serpent_rank_4_female;Guardian;Messagère;Herold;;Mensajera;;;;;;;;;x
secret_religious_society_the_great_serpent_rank_1_male;Acolyte;Fidèle;Getreuer;;Fiel;;;;;;;;;x
secret_religious_society_the_great_serpent_rank_2_male;Warrior;Adhérent;Anhänger;;Seguidor;;;;;;;;;x
secret_religious_society_the_great_serpent_rank_3_male;Protector;Prêcheur;Prediger;;Predicador;;;;;;;;;x
secret_religious_society_the_great_serpent_rank_4_male;Guardian;Messager;Herold;;Mensajero;;;;;;;;;x
secret_religious_society_the_great_serpent_leader_desc;Guardian of the Great Serpent and leader of $SOCIETY|Y$, leading the grand effort of bringing more people into the fold.;Le grand prêtre de $SOCIETY|Y$ dirige l'effort mondial visant à rassembler davantage de personnes en son sein.;Der Hohepriester des $SOCIETY|Y$-Zirkels, der die internationalen Bemühungen leitet, mehr Menschen in den Schoß der Familie zu führen.;;El Sumo sacerdote de $SOCIETY|Y$, que dirige la misión a escala internacional para atraer a más fieles.;;;;;;;;;x
secret_religious_society_the_great_serpent_currency;Devotion;Dévotion;Hingabe;;Devoción;;;;;;;;;x
secret_religious_society_the_divided;The Old Guides;A;;A;;;;;;;;;x
secret_religious_society_the_divided_desc;Though foreigners rule here, the old ways and traditions of the land shall not be forgotten. Those who still practice them will continue to wander paths known to no others.;A;;A;;;;;;;;;x
secret_religious_society_the_divided_rank_1_female;Novice;Fidèle;Getreue;;Fiel;;;;;;;;;x
secret_religious_society_the_divided_rank_2_female;Expert;Adhérente;Anhängerin;;Seguidora;;;;;;;;;x
secret_religious_society_the_divided_rank_3_female;Guide;Prêcheuse;Predigerin;;Predicadora;;;;;;;;;x
secret_religious_society_the_divided_rank_4_female;Grandmaster;Messagère;Herold;;Mensajera;;;;;;;;;x
secret_religious_society_the_divided_rank_1_male;Novice;Fidèle;Getreuer;;Fiel;;;;;;;;;x
secret_religious_society_the_divided_rank_2_male;Expert;Adhérent;Anhänger;;Seguidor;;;;;;;;;x
secret_religious_society_the_divided_rank_3_male;Guide;Prêcheur;Prediger;;Predicador;;;;;;;;;x
secret_religious_society_the_divided_rank_4_male;Grandmaster;Messager;Herold;;Mensajero;;;;;;;;;x
secret_religious_society_the_divided_leader_desc;Grandmaster and leader of $SOCIETY|Y$, leading the grand effort of bringing more people into the fold.;Le grand prêtre de $SOCIETY|Y$ dirige l'effort mondial visant à rassembler davantage de personnes en son sein.;Der Hohepriester des $SOCIETY|Y$-Zirkels, der die internationalen Bemühungen leitet, mehr Menschen in den Schoß der Familie zu führen.;;El Sumo sacerdote de $SOCIETY|Y$, que dirige la misión a escala internacional para atraer a más fieles.;;;;;;;;;x
secret_religious_society_the_divided_currency;Knowledge;Dévotion;Hingabe;;Devoción;;;;;;;;;x
secret_religious_society_fortune_telling;The Seers;A;;A;;;;;;;;;x
secret_religious_society_fortune_telling_desc;While outsiders may look upon the practice as a sham, the ability of the seers to divine the future is without a doubt a reality. Together, we may work together in order to protect and preserve this knowledge.;A;;A;;;;;;;;;x
secret_religious_society_fortune_telling_rank_1_female;Acolyte;Fidèle;Getreue;;Fiel;;;;;;;;;x
secret_religious_society_fortune_telling_rank_2_female;Sage;Adhérente;Anhängerin;;Seguidora;;;;;;;;;x
secret_religious_society_fortune_telling_rank_3_female;Visionary;Prêcheuse;Predigerin;;Predicadora;;;;;;;;;x
secret_religious_society_fortune_telling_rank_4_female;Grandmaster;Messagère;Herold;;Mensajera;;;;;;;;;x
secret_religious_society_fortune_telling_rank_1_male;Acolyte;Fidèle;Getreuer;;Fiel;;;;;;;;;x
secret_religious_society_fortune_telling_rank_2_male;Sage;Adhérent;Anhänger;;Seguidor;;;;;;;;;x
secret_religious_society_fortune_telling_rank_3_male;Visionary;Prêcheur;Prediger;;Predicador;;;;;;;;;x
secret_religious_society_fortune_telling_rank_4_male;Grandmaster;Messager;Herold;;Mensajero;;;;;;;;;x
secret_religious_society_fortune_telling_leader_desc;Grandmaster and leader of $SOCIETY|Y$, leading the grand effort of bringing more people into the fold.;Le grand prêtre de $SOCIETY|Y$ dirige l'effort mondial visant à rassembler davantage de personnes en son sein.;Der Hohepriester des $SOCIETY|Y$-Zirkels, der die internationalen Bemühungen leitet, mehr Menschen in den Schoß der Familie zu führen.;;El Sumo sacerdote de $SOCIETY|Y$, que dirige la misión a escala internacional para atraer a más fieles.;;;;;;;;;x
secret_religious_society_fortune_telling_currency;Foresight;Dévotion;Hingabe;;Devoción;;;;;;;;;x
secret_religious_society_unificationism;The Unity League;A;;A;;;;;;;;;x
secret_religious_society_unificationism_desc;We must fulfil the vision spoken of by the Great Uniter, bringing the vast lands of the old Earth Kingdom under a single, absolute rule. One that can ensure justice, stability and security for all.;A;;A;;;;;;;;;x
secret_religious_society_unificationism_rank_1_female;Conspirator;Fidèle;Getreue;;Fiel;;;;;;;;;x
secret_religious_society_unificationism_rank_2_female;Officer;Adhérente;Anhängerin;;Seguidora;;;;;;;;;x
secret_religious_society_unificationism_rank_3_female;Lieutenant;Prêcheuse;Predigerin;;Predicadora;;;;;;;;;x
secret_religious_society_unificationism_rank_4_female;Marshal;Messagère;Herold;;Mensajera;;;;;;;;;x
secret_religious_society_unificationism_rank_1_male;Conspirator;Fidèle;Getreuer;;Fiel;;;;;;;;;x
secret_religious_society_unificationism_rank_2_male;Officer;Adhérent;Anhänger;;Seguidor;;;;;;;;;x
secret_religious_society_unificationism_rank_3_male;Lieutenant;Prêcheur;Prediger;;Predicador;;;;;;;;;x
secret_religious_society_unificationism_rank_4_male;Marshal;Messager;Herold;;Mensajero;;;;;;;;;x
secret_religious_society_unificationism_leader_desc;Marshal and leader of $SOCIETY|Y$, leading the grand effort of bringing more people into the fold.;Le grand prêtre de $SOCIETY|Y$ dirige l'effort mondial visant à rassembler davantage de personnes en son sein.;Der Hohepriester des $SOCIETY|Y$-Zirkels, der die internationalen Bemühungen leitet, mehr Menschen in den Schoß der Familie zu führen.;;El Sumo sacerdote de $SOCIETY|Y$, que dirige la misión a escala internacional para atraer a más fieles.;;;;;;;;;x
secret_religious_society_unificationism_currency;Loyalty;Dévotion;Hingabe;;Devoción;;;;;;;;;x
secret_religious_society_way_of_chin;The Old Guard;A;;A;;;;;;;;;x
secret_religious_society_way_of_chin_desc;While the loss of Chin the Great struck a fatal blow to his empire, there are still many who remain who wish to recreate it's majesty. Working in the shadows, they gather strength, waiting for the time to recreate Chin's conquests.;A;;A;;;;;;;;;x
secret_religious_society_way_of_chin_rank_1_female;Warrior;Fidèle;Getreue;;Fiel;;;;;;;;;x
secret_religious_society_way_of_chin_rank_2_female;Officer;Adhérente;Anhängerin;;Seguidora;;;;;;;;;x
secret_religious_society_way_of_chin_rank_3_female;Commander;Prêcheuse;Predigerin;;Predicadora;;;;;;;;;x
secret_religious_society_way_of_chin_rank_4_female;General;Messagère;Herold;;Mensajera;;;;;;;;;x
secret_religious_society_way_of_chin_rank_1_male;Warrior;Fidèle;Getreuer;;Fiel;;;;;;;;;x
secret_religious_society_way_of_chin_rank_2_male;Officer;Adhérent;Anhänger;;Seguidor;;;;;;;;;x
secret_religious_society_way_of_chin_rank_3_male;Commander;Prêcheur;Prediger;;Predicador;;;;;;;;;x
secret_religious_society_way_of_chin_rank_4_male;General;Messager;Herold;;Mensajero;;;;;;;;;x
secret_religious_society_way_of_chin_leader_desc;General and leader of $SOCIETY|Y$, leading the grand effort of bringing more people into the fold.;Le grand prêtre de $SOCIETY|Y$ dirige l'effort mondial visant à rassembler davantage de personnes en son sein.;Der Hohepriester des $SOCIETY|Y$-Zirkels, der die internationalen Bemühungen leitet, mehr Menschen in den Schoß der Familie zu führen.;;El Sumo sacerdote de $SOCIETY|Y$, que dirige la misión a escala internacional para atraer a más fieles.;;;;;;;;;x
secret_religious_society_way_of_chin_currency;Glory;Dévotion;Hingabe;;Devoción;;;;;;;;;x
secret_religious_society_followers_of_kyoshi;Warriors of Kyoshi;A;;A;;;;;;;;;x
secret_religious_society_followers_of_kyoshi_desc;Even in her time, the beliefs and teachings of Avatar Kyoshi were highly contentious among the Earth Kingdom. There are some who will always look to stamp out such beliefs, but there are those also who are willing to fight to preserve them.;A;;A;;;;;;;;;x
secret_religious_society_followers_of_kyoshi_rank_1_female;Recruit;Fidèle;Getreue;;Fiel;;;;;;;;;x
secret_religious_society_followers_of_kyoshi_rank_2_female;Novice;Adhérente;Anhängerin;;Seguidora;;;;;;;;;x
secret_religious_society_followers_of_kyoshi_rank_3_female;Warrior;Prêcheuse;Predigerin;;Predicadora;;;;;;;;;x
secret_religious_society_followers_of_kyoshi_rank_4_female;Commander;Messagère;Herold;;Mensajera;;;;;;;;;x
secret_religious_society_followers_of_kyoshi_rank_1_male;Recruit;Fidèle;Getreuer;;Fiel;;;;;;;;;x
secret_religious_society_followers_of_kyoshi_rank_2_male;Novice;Adhérent;Anhänger;;Seguidor;;;;;;;;;x
secret_religious_society_followers_of_kyoshi_rank_3_male;Warrior;Prêcheur;Prediger;;Predicador;;;;;;;;;x
secret_religious_society_followers_of_kyoshi_rank_4_male;Commander;Messager;Herold;;Mensajero;;;;;;;;;x
secret_religious_society_followers_of_kyoshi_leader_desc;Commander and leader of the $SOCIETY|Y$, leading the grand effort of bringing more people into the fold.;Le grand prêtre de $SOCIETY|Y$ dirige l'effort mondial visant à rassembler davantage de personnes en son sein.;Der Hohepriester des $SOCIETY|Y$-Zirkels, der die internationalen Bemühungen leitet, mehr Menschen in den Schoß der Familie zu führen.;;El Sumo sacerdote de $SOCIETY|Y$, que dirige la misión a escala internacional para atraer a más fieles.;;;;;;;;;x
secret_religious_society_followers_of_kyoshi_currency;Devotion;Dévotion;Hingabe;;Devoción;;;;;;;;;x
secret_religious_society_earth_monarchism;The Loyalists;A;;A;;;;;;;;;x
secret_religious_society_earth_monarchism_desc;The traditions of the Earth Kingdom have spanned known history, and never has the rule of our beloved majesty been subverted. The Loyalists stand only for one thing, and that is the continued advancement of the Monarchy.;A;;A;;;;;;;;;x
secret_religious_society_earth_monarchism_rank_1_female;Recruit;Fidèle;Getreue;;Fiel;;;;;;;;;x
secret_religious_society_earth_monarchism_rank_2_female;Conspirator;Adhérente;Anhängerin;;Seguidora;;;;;;;;;x
secret_religious_society_earth_monarchism_rank_3_female;Officer;Prêcheuse;Predigerin;;Predicadora;;;;;;;;;x
secret_religious_society_earth_monarchism_rank_4_female;Secretariat;Messagère;Herold;;Mensajera;;;;;;;;;x
secret_religious_society_earth_monarchism_rank_1_male;Recruit;Fidèle;Getreuer;;Fiel;;;;;;;;;x
secret_religious_society_earth_monarchism_rank_2_male;Conspirator;Adhérent;Anhänger;;Seguidor;;;;;;;;;x
secret_religious_society_earth_monarchism_rank_3_male;Officer;Prêcheur;Prediger;;Predicador;;;;;;;;;x
secret_religious_society_earth_monarchism_rank_4_male;Secretariat;Messager;Herold;;Mensajero;;;;;;;;;x
secret_religious_society_earth_monarchism_leader_desc;Secretariat and leader of $SOCIETY|Y$, leading the grand effort of bringing more people into the fold.;Le grand prêtre de $SOCIETY|Y$ dirige l'effort mondial visant à rassembler davantage de personnes en son sein.;Der Hohepriester des $SOCIETY|Y$-Zirkels, der die internationalen Bemühungen leitet, mehr Menschen in den Schoß der Familie zu führen.;;El Sumo sacerdote de $SOCIETY|Y$, que dirige la misión a escala internacional para atraer a más fieles.;;;;;;;;;x
secret_religious_society_earth_monarchism_currency;Loyalty;Dévotion;Hingabe;;Devoción;;;;;;;;;x
secret_religious_society_children_of_si_wong;The Elder Clans;A;;A;;;;;;;;;x
secret_religious_society_children_of_si_wong_desc;For so long have our clans lived free among the sands of the Si Wong. No foreign beliefs or culture would ever prosper out in such harsh terrain, and thus, such ideas much be driven from these lands if the clans are to survive. ;A;;A;;;;;;;;;x
secret_religious_society_children_of_si_wong_rank_1_female;Recruit;Fidèle;Getreue;;Fiel;;;;;;;;;x
secret_religious_society_children_of_si_wong_rank_2_female;Acolyte;Adhérente;Anhängerin;;Seguidora;;;;;;;;;x
secret_religious_society_children_of_si_wong_rank_3_female;Warrior;Prêcheuse;Predigerin;;Predicadora;;;;;;;;;x
secret_religious_society_children_of_si_wong_rank_4_female;Chieftain;Messagère;Herold;;Mensajera;;;;;;;;;x
secret_religious_society_children_of_si_wong_rank_1_male;Recruit;Fidèle;Getreuer;;Fiel;;;;;;;;;x
secret_religious_society_children_of_si_wong_rank_2_male;Acolyte;Adhérent;Anhänger;;Seguidor;;;;;;;;;x
secret_religious_society_children_of_si_wong_rank_3_male;Warrior;Prêcheur;Prediger;;Predicador;;;;;;;;;x
secret_religious_society_children_of_si_wong_rank_4_male;Chieftain;Messager;Herold;;Mensajero;;;;;;;;;x
secret_religious_society_children_of_si_wong_leader_desc;Chieftain and leader of $SOCIETY|Y$, leading the grand effort of bringing more people into the fold.;Le grand prêtre de $SOCIETY|Y$ dirige l'effort mondial visant à rassembler davantage de personnes en son sein.;Der Hohepriester des $SOCIETY|Y$-Zirkels, der die internationalen Bemühungen leitet, mehr Menschen in den Schoß der Familie zu führen.;;El Sumo sacerdote de $SOCIETY|Y$, que dirige la misión a escala internacional para atraer a más fieles.;;;;;;;;;x
secret_religious_society_children_of_si_wong_currency;Devotion;Dévotion;Hingabe;;Devoción;;;;;;;;;x
secret_religious_society_fire_spirituality;Spiritualist Association;A;;A;;;;;;;;;x
secret_religious_society_fire_spirituality_desc;Though the nation may have abandoned the ways of the Spirits, and misguided lords may rewrite our history, those who stand against them will work in the shadows to preserve both our knowledge of the Spirits and the past.;A;;A;;;;;;;;;x
secret_religious_society_fire_spirituality_rank_1_female;Follower;Fidèle;Getreue;;Fiel;;;;;;;;;x
secret_religious_society_fire_spirituality_rank_2_female;Acolyte;Adhérente;Anhängerin;;Seguidora;;;;;;;;;x
secret_religious_society_fire_spirituality_rank_3_female;Sage;Prêcheuse;Predigerin;;Predicadora;;;;;;;;;x
secret_religious_society_fire_spirituality_rank_4_female;High Sage;Messagère;Herold;;Mensajera;;;;;;;;;x
secret_religious_society_fire_spirituality_rank_1_male;Follower;Fidèle;Getreuer;;Fiel;;;;;;;;;x
secret_religious_society_fire_spirituality_rank_2_male;Acolyte;Adhérent;Anhänger;;Seguidor;;;;;;;;;x
secret_religious_society_fire_spirituality_rank_3_male;Sage;Prêcheur;Prediger;;Predicador;;;;;;;;;x
secret_religious_society_fire_spirituality_rank_4_male;High Sage;Messager;Herold;;Mensajero;;;;;;;;;x
secret_religious_society_fire_spirituality_leader_desc;High Sage and leader of the $SOCIETY|Y$, leading the grand effort of bringing more people into the fold.;Le grand prêtre de $SOCIETY|Y$ dirige l'effort mondial visant à rassembler davantage de personnes en son sein.;Der Hohepriester des $SOCIETY|Y$-Zirkels, der die internationalen Bemühungen leitet, mehr Menschen in den Schoß der Familie zu führen.;;El Sumo sacerdote de $SOCIETY|Y$, que dirige la misión a escala internacional para atraer a más fieles.;;;;;;;;;x
secret_religious_society_fire_spirituality_currency;Wisdom;Dévotion;Hingabe;;Devoción;;;;;;;;;x
secret_religious_society_fire_nation_imperialism;New Ozai Society;A;;A;;;;;;;;;x
secret_religious_society_fire_nation_imperialism_desc;While the traitors and cowards have undermined our great nation, the loyal few continue to fight to restore a proper Fire Lord to the throne, one who is no puppet of foreigners or the Avatar, one who will once again resume the pursuit of the Fire Nation's ultimate destiny.;A;;A;;;;;;;;;x
secret_religious_society_fire_nation_imperialism_rank_1_female;Conspirator;Fidèle;Getreue;;Fiel;;;;;;;;;x
secret_religious_society_fire_nation_imperialism_rank_2_female;Officer;Adhérente;Anhängerin;;Seguidora;;;;;;;;;x
secret_religious_society_fire_nation_imperialism_rank_3_female;Commander;Prêcheuse;Predigerin;;Predicadora;;;;;;;;;x
secret_religious_society_fire_nation_imperialism_rank_4_female;General;Messagère;Herold;;Mensajera;;;;;;;;;x
secret_religious_society_fire_nation_imperialism_rank_1_male;Conspirator;Fidèle;Getreuer;;Fiel;;;;;;;;;x
secret_religious_society_fire_nation_imperialism_rank_2_male;Officer;Adhérent;Anhänger;;Seguidor;;;;;;;;;x
secret_religious_society_fire_nation_imperialism_rank_3_male;Commander;Prêcheur;Prediger;;Predicador;;;;;;;;;x
secret_religious_society_fire_nation_imperialism_rank_4_male;General;Messager;Herold;;Mensajero;;;;;;;;;x
secret_religious_society_fire_nation_imperialism_leader_desc;General of the Loyalists, Protector of the Nation and leader of the $SOCIETY|Y$, leading the grand effort of bringing more people into the fold.;Le grand prêtre de $SOCIETY|Y$ dirige l'effort mondial visant à rassembler davantage de personnes en son sein.;Der Hohepriester des $SOCIETY|Y$-Zirkels, der die internationalen Bemühungen leitet, mehr Menschen in den Schoß der Familie zu führen.;;El Sumo sacerdote de $SOCIETY|Y$, que dirige la misión a escala internacional para atraer a más fieles.;;;;;;;;;x
secret_religious_society_fire_nation_imperialism_currency;Loyalty;Dévotion;Hingabe;;Devoción;;;;;;;;;x
secret_religious_society_bhanti_spirituality;The Faithful;A;;A;;;;;;;;;x
secret_religious_society_bhanti_spirituality_desc;The ways of the Bhanti and the mainstream beliefs of the Fire Isles have long had great differences. What the rest of the Isles believe however, has always been of little concern.;A;;A;;;;;;;;;x
secret_religious_society_bhanti_spirituality_rank_1_female;Follower;Fidèle;Getreue;;Fiel;;;;;;;;;x
secret_religious_society_bhanti_spirituality_rank_2_female;Acolyte;Adhérente;Anhängerin;;Seguidora;;;;;;;;;x
secret_religious_society_bhanti_spirituality_rank_3_female;Sage;Prêcheuse;Predigerin;;Predicadora;;;;;;;;;x
secret_religious_society_bhanti_spirituality_rank_4_female;High Sage;Messagère;Herold;;Mensajera;;;;;;;;;x
secret_religious_society_bhanti_spirituality_rank_1_male;Follower;Fidèle;Getreuer;;Fiel;;;;;;;;;x
secret_religious_society_bhanti_spirituality_rank_2_male;Acolyte;Adhérent;Anhänger;;Seguidor;;;;;;;;;x
secret_religious_society_bhanti_spirituality_rank_3_male;Sage;Prêcheur;Prediger;;Predicador;;;;;;;;;x
secret_religious_society_bhanti_spirituality_rank_4_male;High Sage;Messager;Herold;;Mensajero;;;;;;;;;x
secret_religious_society_bhanti_spirituality_leader_desc;High Sage and leader of $SOCIETY|Y$, leading the grand effort of bringing more people into the fold.;Le grand prêtre de $SOCIETY|Y$ dirige l'effort mondial visant à rassembler davantage de personnes en son sein.;Der Hohepriester des $SOCIETY|Y$-Zirkels, der die internationalen Bemühungen leitet, mehr Menschen in den Schoß der Familie zu führen.;;El Sumo sacerdote de $SOCIETY|Y$, que dirige la misión a escala internacional para atraer a más fieles.;;;;;;;;;x
secret_religious_society_bhanti_spirituality_currency;Wisdom;Dévotion;Hingabe;;Devoción;;;;;;;;;x
secret_religious_society_the_eternal_flame;Keepers of the Flame;A;;A;;;;;;;;;x
secret_religious_society_the_eternal_flame_desc;It has been a long time since our flames burned bright, but the Sun Warriors continue to endure to this day. Though it may take endless toil in the shadows, the Keepers of the Flame will preserve the old ways, and protect the old masters from outsiders who would seek to hunt them.;A;;A;;;;;;;;;x
secret_religious_society_the_eternal_flame_rank_1_female;Acolyte;Fidèle;Getreue;;Fiel;;;;;;;;;x
secret_religious_society_the_eternal_flame_rank_2_female;Warrior;Adhérente;Anhängerin;;Seguidora;;;;;;;;;x
secret_religious_society_the_eternal_flame_rank_3_female;Sage;Prêcheuse;Predigerin;;Predicadora;;;;;;;;;x
secret_religious_society_the_eternal_flame_rank_4_female;Chieftain;Messagère;Herold;;Mensajera;;;;;;;;;x
secret_religious_society_the_eternal_flame_rank_1_male;Acolyte;Fidèle;Getreuer;;Fiel;;;;;;;;;x
secret_religious_society_the_eternal_flame_rank_2_male;Warrior;Adhérent;Anhänger;;Seguidor;;;;;;;;;x
secret_religious_society_the_eternal_flame_rank_3_male;Sage;Prêcheur;Prediger;;Predicador;;;;;;;;;x
secret_religious_society_the_eternal_flame_rank_4_male;Chieftain;Messager;Herold;;Mensajero;;;;;;;;;x
secret_religious_society_the_eternal_flame_leader_desc;Chieftain and leader of the $SOCIETY|Y$, leading the grand effort of bringing more people into the fold.;Le grand prêtre de $SOCIETY|Y$ dirige l'effort mondial visant à rassembler davantage de personnes en son sein.;Der Hohepriester des $SOCIETY|Y$-Zirkels, der die internationalen Bemühungen leitet, mehr Menschen in den Schoß der Familie zu führen.;;El Sumo sacerdote de $SOCIETY|Y$, que dirige la misión a escala internacional para atraer a más fieles.;;;;;;;;;x
secret_religious_society_the_eternal_flame_currency;Wisdom;Dévotion;Hingabe;;Devoción;;;;;;;;;x
secret_religious_society_nomadic_pacifism;The Way of Peace;A;;A;;;;;;;;;x
secret_religious_society_nomadic_pacifism_desc;Though denied the freedom to live as we will, those who follow the way of peace will continue to strive towards preserving that freedom in secret.;A;;A;;;;;;;;;x
secret_religious_society_nomadic_pacifism_rank_1_female;Follower;Fidèle;Getreue;;Fiel;;;;;;;;;x
secret_religious_society_nomadic_pacifism_rank_2_female;Acolyte;Adhérente;Anhängerin;;Seguidora;;;;;;;;;x
secret_religious_society_nomadic_pacifism_rank_3_female;Nun;Prêcheuse;Predigerin;;Predicadora;;;;;;;;;x
secret_religious_society_nomadic_pacifism_rank_4_female;Elder;Messagère;Herold;;Mensajera;;;;;;;;;x
secret_religious_society_nomadic_pacifism_rank_1_male;Follower;Fidèle;Getreuer;;Fiel;;;;;;;;;x
secret_religious_society_nomadic_pacifism_rank_2_male;Acolyte;Adhérent;Anhänger;;Seguidor;;;;;;;;;x
secret_religious_society_nomadic_pacifism_rank_3_male;Monk;Prêcheur;Prediger;;Predicador;;;;;;;;;x
secret_religious_society_nomadic_pacifism_rank_4_male;Elder;Messager;Herold;;Mensajero;;;;;;;;;x
secret_religious_society_nomadic_pacifism_leader_desc;Elder and leader of $SOCIETY|Y$, leading the grand effort of bringing more people into the fold.;Le grand prêtre de $SOCIETY|Y$ dirige l'effort mondial visant à rassembler davantage de personnes en son sein.;Der Hohepriester des $SOCIETY|Y$-Zirkels, der die internationalen Bemühungen leitet, mehr Menschen in den Schoß der Familie zu führen.;;El Sumo sacerdote de $SOCIETY|Y$, que dirige la misión a escala internacional para atraer a más fieles.;;;;;;;;;x
secret_religious_society_nomadic_pacifism_currency;Wisdom;Dévotion;Hingabe;;Devoción;;;;;;;;;x
secret_religious_society_nomadic_nihilism;The Way of Enlightenment;A;;A;;;;;;;;;x
secret_religious_society_nomadic_nihilism_desc;Though the teachings of the old guru's may have been stamped out by those too weak to stomach their wisdom, those who embrace the ways of enlightenment with work in the shadows to ensure that one day all will see the truth.;A;;A;;;;;;;;;x
secret_religious_society_nomadic_nihilism_rank_1_female;Follower;Fidèle;Getreue;;Fiel;;;;;;;;;x
secret_religious_society_nomadic_nihilism_rank_2_female;Acolyte;Adhérente;Anhängerin;;Seguidora;;;;;;;;;x
secret_religious_society_nomadic_nihilism_rank_3_female;Nun;Prêcheuse;Predigerin;;Predicadora;;;;;;;;;x
secret_religious_society_nomadic_nihilism_rank_4_female;Elder;Messagère;Herold;;Mensajera;;;;;;;;;x
secret_religious_society_nomadic_nihilism_rank_1_male;Follower;Fidèle;Getreuer;;Fiel;;;;;;;;;x
secret_religious_society_nomadic_nihilism_rank_2_male;Acolyte;Adhérent;Anhänger;;Seguidor;;;;;;;;;x
secret_religious_society_nomadic_nihilism_rank_3_male;Monk;Prêcheur;Prediger;;Predicador;;;;;;;;;x
secret_religious_society_nomadic_nihilism_rank_4_male;Elder;Messager;Herold;;Mensajero;;;;;;;;;x
secret_religious_society_nomadic_nihilism_leader_desc;Monk and leader of $SOCIETY|Y$, leading the grand effort of bringing more people into the fold.;Le grand prêtre de $SOCIETY|Y$ dirige l'effort mondial visant à rassembler davantage de personnes en son sein.;Der Hohepriester des $SOCIETY|Y$-Zirkels, der die internationalen Bemühungen leitet, mehr Menschen in den Schoß der Familie zu führen.;;El Sumo sacerdote de $SOCIETY|Y$, que dirige la misión a escala internacional para atraer a más fieles.;;;;;;;;;x
secret_religious_society_nomadic_nihilism_currency;Wisdom;Dévotion;Hingabe;;Devoción;;;;;;;;;x
secret_religious_society_air_acolytism;The Avatar's Acolytes;A;;A;;;;;;;;;x
secret_religious_society_air_acolytism_desc;Outcast by those in power, these Acolytes will continue the preservation of the ancient ways of the Air Nomads in secret.;A;;A;;;;;;;;;x
secret_religious_society_air_acolytism_rank_1_female;Follower;Fidèle;Getreue;;Fiel;;;;;;;;;x
secret_religious_society_air_acolytism_rank_2_female;Acolyte;Adhérente;Anhängerin;;Seguidora;;;;;;;;;x
secret_religious_society_air_acolytism_rank_3_female;Nun;Prêcheuse;Predigerin;;Predicadora;;;;;;;;;x
secret_religious_society_air_acolytism_rank_4_female;Elder;Messagère;Herold;;Mensajera;;;;;;;;;x
secret_religious_society_air_acolytism_rank_1_male;Follower;Fidèle;Getreuer;;Fiel;;;;;;;;;x
secret_religious_society_air_acolytism_rank_2_male;Acolyte;Adhérent;Anhänger;;Seguidor;;;;;;;;;x
secret_religious_society_air_acolytism_rank_3_male;Monk;Prêcheur;Prediger;;Predicador;;;;;;;;;x
secret_religious_society_air_acolytism_rank_4_male;Elder;Messager;Herold;;Mensajero;;;;;;;;;x
secret_religious_society_air_acolytism_leader_desc;Monk and leader of $SOCIETY|Y$, leading the grand effort of bringing more people into the fold.;Le grand prêtre de $SOCIETY|Y$ dirige l'effort mondial visant à rassembler davantage de personnes en son sein.;Der Hohepriester des $SOCIETY|Y$-Zirkels, der die internationalen Bemühungen leitet, mehr Menschen in den Schoß der Familie zu führen.;;El Sumo sacerdote de $SOCIETY|Y$, que dirige la misión a escala internacional para atraer a más fieles.;;;;;;;;;x
secret_religious_society_air_acolytism_currency;Wisdom;Dévotion;Hingabe;;Devoción;;;;;;;;;x
secret_religious_society_neo-nomadism;The Wind;A;;A;;;;;;;;;x
secret_religious_society_neo-nomadism_desc;Though denied the freedom to live as we will, those who follow the way of peace will continue to strive towards preserving that freedom in secret.;A;;A;;;;;;;;;x
secret_religious_society_neo-nomadism_rank_1_female;Follower;Fidèle;Getreue;;Fiel;;;;;;;;;x
secret_religious_society_neo-nomadism_rank_2_female;Acolyte;Adhérente;Anhängerin;;Seguidora;;;;;;;;;x
secret_religious_society_neo-nomadism_rank_3_female;Nun;Prêcheuse;Predigerin;;Predicadora;;;;;;;;;x
secret_religious_society_neo-nomadism_rank_4_female;Elder;Messagère;Herold;;Mensajera;;;;;;;;;x
secret_religious_society_neo-nomadism_rank_1_male;Follower;Fidèle;Getreuer;;Fiel;;;;;;;;;x
secret_religious_society_neo-nomadism_rank_2_male;Acolyte;Adhérent;Anhänger;;Seguidor;;;;;;;;;x
secret_religious_society_neo-nomadism_rank_3_male;Monk;Prêcheur;Prediger;;Predicador;;;;;;;;;x
secret_religious_society_neo-nomadism_rank_4_male;Elder;Messager;Herold;;Mensajero;;;;;;;;;x
secret_religious_society_neo-nomadism_leader_desc;Monk and leader of $SOCIETY|Y$, leading the grand effort of bringing more people into the fold.;Le grand prêtre de $SOCIETY|Y$ dirige l'effort mondial visant à rassembler davantage de personnes en son sein.;Der Hohepriester des $SOCIETY|Y$-Zirkels, der die internationalen Bemühungen leitet, mehr Menschen in den Schoß der Familie zu führen.;;El Sumo sacerdote de $SOCIETY|Y$, que dirige la misión a escala internacional para atraer a más fieles.;;;;;;;;;x
secret_religious_society_neo-nomadism_currency;Wisdom;Dévotion;Hingabe;;Devoción;;;;;;;;;x
secret_religious_society_southern_spirituality;Warriors of the South;A;;A;;;;;;;;;x
secret_religious_society_southern_spirituality_desc;Since the first Waterbenders arrived in the south, those who settled there have prided themselves on their independence and culture, free from the north and any other outsiders. The Warriors of the South will fight to continue preserving that culture.;A;;A;;;;;;;;;x
secret_religious_society_southern_spirituality_rank_1_female;Follower;Fidèle;Getreue;;Fiel;;;;;;;;;x
secret_religious_society_southern_spirituality_rank_2_female;Warrior;Adhérente;Anhängerin;;Seguidora;;;;;;;;;x
secret_religious_society_southern_spirituality_rank_3_female;Lieutenant;Prêcheuse;Predigerin;;Predicadora;;;;;;;;;x
secret_religious_society_southern_spirituality_rank_4_female;Chieftain;Messagère;Herold;;Mensajera;;;;;;;;;x
secret_religious_society_southern_spirituality_rank_1_male;Follower;Fidèle;Getreuer;;Fiel;;;;;;;;;x
secret_religious_society_southern_spirituality_rank_2_male;Warrior;Adhérent;Anhänger;;Seguidor;;;;;;;;;x
secret_religious_society_southern_spirituality_rank_3_male;Lieutenant;Prêcheur;Prediger;;Predicador;;;;;;;;;x
secret_religious_society_southern_spirituality_rank_4_male;Chieftain;Messager;Herold;;Mensajero;;;;;;;;;x
secret_religious_society_southern_spirituality_leader_desc;Chieftain and leader of the $SOCIETY|Y$, leading the grand effort of bringing more people into the fold.;Le grand prêtre de $SOCIETY|Y$ dirige l'effort mondial visant à rassembler davantage de personnes en son sein.;Der Hohepriester des $SOCIETY|Y$-Zirkels, der die internationalen Bemühungen leitet, mehr Menschen in den Schoß der Familie zu führen.;;El Sumo sacerdote de $SOCIETY|Y$, que dirige la misión a escala internacional para atraer a más fieles.;;;;;;;;;x
secret_religious_society_southern_spirituality_currency;Devotion;Dévotion;Hingabe;;Devoción;;;;;;;;;x
secret_religious_society_the_great_swamp;Protectors of the Foggy Swamp;A;;A;;;;;;;;;x
secret_religious_society_the_great_swamp_desc;Long as the Foggy Swamp slept undisturbed, but now the tribes that have dwelt there for generations are persecuted by these outsider beliefs. We must work to remove them from our ancestral land.;A;;A;;;;;;;;;x
secret_religious_society_the_great_swamp_rank_1_female;Follower;Fidèle;Getreue;;Fiel;;;;;;;;;x
secret_religious_society_the_great_swamp_rank_2_female;Warrior;Adhérente;Anhängerin;;Seguidora;;;;;;;;;x
secret_religious_society_the_great_swamp_rank_3_female;Lieutenant;Prêcheuse;Predigerin;;Predicadora;;;;;;;;;x
secret_religious_society_the_great_swamp_rank_4_female;Chieftain;Messagère;Herold;;Mensajera;;;;;;;;;x
secret_religious_society_the_great_swamp_rank_1_male;Follower;Fidèle;Getreuer;;Fiel;;;;;;;;;x
secret_religious_society_the_great_swamp_rank_2_male;Warrior;Adhérent;Anhänger;;Seguidor;;;;;;;;;x
secret_religious_society_the_great_swamp_rank_3_male;Lieutenant;Prêcheur;Prediger;;Predicador;;;;;;;;;x
secret_religious_society_the_great_swamp_rank_4_male;Chieftain;Messager;Herold;;Mensajero;;;;;;;;;x
secret_religious_society_the_great_swamp_leader_desc;Chieftain and leader of the $SOCIETY|Y$, leading the grand effort of bringing more people into the fold.;Le grand prêtre de $SOCIETY|Y$ dirige l'effort mondial visant à rassembler davantage de personnes en son sein.;Der Hohepriester des $SOCIETY|Y$-Zirkels, der die internationalen Bemühungen leitet, mehr Menschen in den Schoß der Familie zu führen.;;El Sumo sacerdote de $SOCIETY|Y$, que dirige la misión a escala internacional para atraer a más fieles.;;;;;;;;;x
secret_religious_society_the_great_swamp_currency;Devotion;Dévotion;Hingabe;;Devoción;;;;;;;;;x
secret_religious_society_tui_and_la;The Spirits Keepers;A;;A;;;;;;;;;x
secret_religious_society_tui_and_la_desc;Long ago, Tui and La blessed our people with the ability to Waterbend. Now, we must work in the shadows to preserve both our heritage and the ancient Spirit's of the Ocean and Moon.;A;;A;;;;;;;;;x
secret_religious_society_tui_and_la_rank_1_female;Follower;Fidèle;Getreue;;Fiel;;;;;;;;;x
secret_religious_society_tui_and_la_rank_2_female;Warrior;Adhérente;Anhängerin;;Seguidora;;;;;;;;;x
secret_religious_society_tui_and_la_rank_3_female;Lieutenant;Prêcheuse;Predigerin;;Predicadora;;;;;;;;;x
secret_religious_society_tui_and_la_rank_4_female;Chieftain;Messagère;Herold;;Mensajera;;;;;;;;;x
secret_religious_society_tui_and_la_rank_1_male;Follower;Fidèle;Getreuer;;Fiel;;;;;;;;;x
secret_religious_society_tui_and_la_rank_2_male;Warrior;Adhérent;Anhänger;;Seguidor;;;;;;;;;x
secret_religious_society_tui_and_la_rank_3_male;Lieutenant;Prêcheur;Prediger;;Predicador;;;;;;;;;x
secret_religious_society_tui_and_la_rank_4_male;Chieftain;Messager;Herold;;Mensajero;;;;;;;;;x
secret_religious_society_tui_and_la_leader_desc;Chieftain and leader of $SOCIETY|Y$, leading the grand effort of bringing more people into the fold.;Le grand prêtre de $SOCIETY|Y$ dirige l'effort mondial visant à rassembler davantage de personnes en son sein.;Der Hohepriester des $SOCIETY|Y$-Zirkels, der die internationalen Bemühungen leitet, mehr Menschen in den Schoß der Familie zu führen.;;El Sumo sacerdote de $SOCIETY|Y$, que dirige la misión a escala internacional para atraer a más fieles.;;;;;;;;;x
secret_religious_society_tui_and_la_currency;Devotion;Dévotion;Hingabe;;Devoción;;;;;;;;;x
secret_religious_society_witchcraft;The Guides;A;;A;;;;;;;;;x
secret_religious_society_witchcraft_desc;Long has Shamanism, and other less reputed forms of communication with the Spirits, been looked down upon and attacked by the foolish and naive. Whatever it takes, those who truly remember how to commune with the Spirits will endure.;A;;A;;;;;;;;;x
secret_religious_society_witchcraft_rank_1_female;Acolyte;Fidèle;Getreue;;Fiel;;;;;;;;;x
secret_religious_society_witchcraft_rank_2_female;Witch;Adhérente;Anhängerin;;Seguidora;;;;;;;;;x
secret_religious_society_witchcraft_rank_3_female;Sage;Prêcheuse;Predigerin;;Predicadora;;;;;;;;;x
secret_religious_society_witchcraft_rank_4_female;Elder;Messagère;Herold;;Mensajera;;;;;;;;;x
secret_religious_society_witchcraft_rank_1_male;Acolyte;Fidèle;Getreuer;;Fiel;;;;;;;;;x
secret_religious_society_witchcraft_rank_2_male;Sharman;Adhérent;Anhänger;;Seguidor;;;;;;;;;x
secret_religious_society_witchcraft_rank_3_male;Sage;Prêcheur;Prediger;;Predicador;;;;;;;;;x
secret_religious_society_witchcraft_rank_4_male;Elder;Messager;Herold;;Mensajero;;;;;;;;;x
secret_religious_society_witchcraft_leader_desc;Elder and leader of $SOCIETY|Y$, leading the grand effort of bringing more people into the fold.;Le grand prêtre de $SOCIETY|Y$ dirige l'effort mondial visant à rassembler davantage de personnes en son sein.;Der Hohepriester des $SOCIETY|Y$-Zirkels, der die internationalen Bemühungen leitet, mehr Menschen in den Schoß der Familie zu führen.;;El Sumo sacerdote de $SOCIETY|Y$, que dirige la misión a escala internacional para atraer a más fieles.;;;;;;;;;x
secret_religious_society_witchcraft_currency;Wisdom;Dévotion;Hingabe;;Devoción;;;;;;;;;x
secret_religious_society_modernism;The New Era;A;;A;;;;;;;;;x
secret_religious_society_modernism_desc;Those who have embraced the modern age will not tolerate society sliding back into the primitive era of bowing and praying to distant, uncaring Spirits.;A;;A;;;;;;;;;x
secret_religious_society_modernism_rank_1_female;Associate;Fidèle;Getreue;;Fiel;;;;;;;;;x
secret_religious_society_modernism_rank_2_female;Conspirator;Adhérente;Anhängerin;;Seguidora;;;;;;;;;x
secret_religious_society_modernism_rank_3_female;Ringleader;Prêcheuse;Predigerin;;Predicadora;;;;;;;;;x
secret_religious_society_modernism_rank_4_female;Linchpin;Messagère;Herold;;Mensajera;;;;;;;;;x
secret_religious_society_modernism_rank_1_male;Associate;Fidèle;Getreuer;;Fiel;;;;;;;;;x
secret_religious_society_modernism_rank_2_male;Conspirator;Adhérent;Anhänger;;Seguidor;;;;;;;;;x
secret_religious_society_modernism_rank_3_male;Ringleader;Prêcheur;Prediger;;Predicador;;;;;;;;;x
secret_religious_society_modernism_rank_4_male;Linchpin;Messager;Herold;;Mensajero;;;;;;;;;x
secret_religious_society_modernism_leader_desc;Linchpin and leader of $SOCIETY|Y$, leading the grand effort of bringing more people into the fold.;Le grand prêtre de $SOCIETY|Y$ dirige l'effort mondial visant à rassembler davantage de personnes en son sein.;Der Hohepriester des $SOCIETY|Y$-Zirkels, der die internationalen Bemühungen leitet, mehr Menschen in den Schoß der Familie zu führen.;;El Sumo sacerdote de $SOCIETY|Y$, que dirige la misión a escala internacional para atraer a más fieles.;;;;;;;;;x
secret_religious_society_modernism_currency;Power;Dévotion;Hingabe;;Devoción;;;;;;;;;x
secret_religious_society_piracy;Honourable Association Club;A;;A;;;;;;;;;x
secret_religious_society_piracy_desc;Since Humanity has sailed, there have been those who have prayed on less fortunate seafarers. While the nation's may have stomped out the last true bastions of piracy, a few honourable gentlemen will work to bring about the golden age of piracy once again.;A;;A;;;;;;;;;x
secret_religious_society_piracy_rank_1_female;Associate;Fidèle;Getreue;;Fiel;;;;;;;;;x
secret_religious_society_piracy_rank_2_female;Conspirator;Adhérente;Anhängerin;;Seguidora;;;;;;;;;x
secret_religious_society_piracy_rank_3_female;Ringleader;Prêcheuse;Predigerin;;Predicadora;;;;;;;;;x
secret_religious_society_piracy_rank_4_female;Linchpin;Messagère;Herold;;Mensajera;;;;;;;;;x
secret_religious_society_piracy_rank_1_male;Associate;Fidèle;Getreuer;;Fiel;;;;;;;;;x
secret_religious_society_piracy_rank_2_male;Conspirator;Adhérent;Anhänger;;Seguidor;;;;;;;;;x
secret_religious_society_piracy_rank_3_male;Ringleader;Prêcheur;Prediger;;Predicador;;;;;;;;;x
secret_religious_society_piracy_rank_4_male;Linchpin;Messager;Herold;;Mensajero;;;;;;;;;x
secret_religious_society_piracy_leader_desc;Linchpin and leader of the $SOCIETY|Y$, leading the grand effort of bringing more people into the fold.;Le grand prêtre de $SOCIETY|Y$ dirige l'effort mondial visant à rassembler davantage de personnes en son sein.;Der Hohepriester des $SOCIETY|Y$-Zirkels, der die internationalen Bemühungen leitet, mehr Menschen in den Schoß der Familie zu führen.;;El Sumo sacerdote de $SOCIETY|Y$, que dirige la misión a escala internacional para atraer a más fieles.;;;;;;;;;x
secret_religious_society_piracy_currency;Power;Dévotion;Hingabe;;Devoción;;;;;;;;;x
secret_religious_society_barbarism;Strength of the North;A;;A;;;;;;;;;x
secret_religious_society_barbarism_desc;Long have the northern people fought against the lowlanders who would subjugate them, both the Earth Kingdom fools from the south, and the arrogant Waterbenders from the north. Never shall the north bow to these outsiders.;A;;A;;;;;;;;;x
secret_religious_society_barbarism_rank_1_female;Follower;Fidèle;Getreue;;Fiel;;;;;;;;;x
secret_religious_society_barbarism_rank_2_female;Warrior;Adhérente;Anhängerin;;Seguidora;;;;;;;;;x
secret_religious_society_barbarism_rank_3_female;Lieutenant;Prêcheuse;Predigerin;;Predicadora;;;;;;;;;x
secret_religious_society_barbarism_rank_4_female;Chieftain;Messagère;Herold;;Mensajera;;;;;;;;;x
secret_religious_society_barbarism_rank_1_male;Follower;Fidèle;Getreuer;;Fiel;;;;;;;;;x
secret_religious_society_barbarism_rank_2_male;Warrior;Adhérent;Anhänger;;Seguidor;;;;;;;;;x
secret_religious_society_barbarism_rank_3_male;Lieutenant;Prêcheur;Prediger;;Predicador;;;;;;;;;x
secret_religious_society_barbarism_rank_4_male;Chieftain;Messager;Herold;;Mensajero;;;;;;;;;x
secret_religious_society_barbarism_leader_desc;Chieftain and leader of the $SOCIETY|Y$, leading the grand effort of bringing more people into the fold.;Le grand prêtre de $SOCIETY|Y$ dirige l'effort mondial visant à rassembler davantage de personnes en son sein.;Der Hohepriester des $SOCIETY|Y$-Zirkels, der die internationalen Bemühungen leitet, mehr Menschen in den Schoß der Familie zu führen.;;El Sumo sacerdote de $SOCIETY|Y$, que dirige la misión a escala internacional para atraer a más fieles.;;;;;;;;;x
secret_religious_society_barbarism_currency;Devotion;Dévotion;Hingabe;;Devoción;;;;;;;;;x
colony_1;Colony I;A;A;;A;;;;;;;;;x
colony_2;Colony II;A;A;;A;;;;;;;;;x
colony_3;Colony III;A;A;;A;;;;;;;;;x
colony_1_desc;This province is in the early stages of colonization, with a few colonists arriving from the homeland as occupying forces still clash with local resistance. As the colony prospers, it will grow in size.;A;A;;A;;;;;;;;;x
colony_2_desc;This province is undergoing rapid colonization, with more colonists flowing in to join those already well settled. There is still a great deal of resistance from the original populace. As the colony prospers, it will grow in size.;A;A;;A;;;;;;;;;x
colony_3_desc;This province is the advanced stages of colonization, with colonists well settled into their new homes, and the local populace either being integrated or dispersed. As the colony prospers, it will grow in size.;A;A;;A;;;;;;;;;x
ATLADESC.9002;We are getting good news, our colony in [From.GetName] is growing by the day. As it does, our grip on the region grows tighter and more of our people are willing to migrate, steadily increasing the colony's population.;A;A;;A;;;;;;;;;x
ATLADESC.9003;Reports suggest that our colony in [From.GetName] is prospering, bringing in more and more colonists seeking wealth and land. If this keeps up at the current rate, soon our people will outnumber the native [From.Culture.GetName] population.;A;A;;A;;;;;;;;;x
ATLADESC.9004;Devastating news is coming in that our colony in [From.GetName] has been destroyed. The surviving colonists have packed up and returned to our homeland, abandoning their efforts to settle there.;A;A;;A;;;;;;;;;x
ATLADESC.9005;News has come in that our colony in the [From.GetName] province has been severely damaged. With many colonists dead, this will set our efforts for the time being.;A;A;;A;;;;;;;;;x
ATLADESC.9006;After many years of toil, our colonists have made the [From.GetName] province their home. As time goes on, they appear to have become intermingled with the native population to a degree, though without a question they are our people and [From.GetName] is no longer a colony, but a prosperous territory in our realm.;A;A;;A;;;;;;;;;x
ATLADESC.9007;We have destroyed our enemy's colony in [From.GetName] province, putting an end to their efforts to seize that land.;A;A;;A;;;;;;;;;x
ATLAOPT.9002;Good news indeed.;A;A;;A;;;;;;;;;x
ATLAOPT.9003;Excellent.;A;A;;A;;;;;;;;;x
ATLAOPT.9004;No doubt this will reflect badly on us;A;A;;A;;;;;;;;;x
ATLAOPT.9005;We'll have to turn the situation around.;A;A;;A;;;;;;;;;x
ATLAOPT.9006;Our people grow.;A;A;;A;;;;;;;;;x
ATLAOPT.9007;A fine deed.;A;A;;A;;;;;;;;;x
EVTDESCATLA.107;As surely as the seasons change, the Avatar Cycle continues. With the passing of the previous Avatar, is all but sure now that they will be reborn amongst the nomadic Airbenders. It will be many years until the identity of the Avatar once again becomes known.;A;A;;A;;;;;;;;;x
EVTOPTATLAA.107;The Cycle continues on.;A;A;;A;;;;;;;;;x
EVTOPTATLAB.107;The emergence of this Avatar may hinder our plans...;A;A;;A;;;;;;;;;x
EVTOPTATLAC.107;The Avatar is amongst us once again.;A;A;;A;;;;;;;;;x
EVTDESCATLA.108;As surely as Autumn turns to Winter, the Avatar Cycle continues. With the passing of the previous Avatar, they will now once again be reborn among the Water Tribes. It will be a great many years until either Northern or Southern Tribes discover the identity of this new Avatar.;A;A;;A;;;;;;;;;x
EVTOPTATLAA.108;We welcome the Avatar once more to our Tribe.;A;A;;A;;;;;;;;;x
EVTOPTATLAB.108;The Avatar Cycle continues...;A;A;;A;;;;;;;;;x
EVTDESCATLA.109;As surely as Winter turns to Spring, the Avatar Cycle continues. With the previous Avatar gone, it is only a matter of time until they are reborn somewhere in the vast lands and numerous peoples of the Earthbenders. It will no doubt be decades until the Avatar can be found in such a place.;A;A;;A;;;;;;;;;x
EVTOPTATLAA.109;Perhaps the Avatar was born somewhere not too far from here...;A;A;;A;;;;;;;;;x
EVTOPTATLAB.109;This new Avatar could be anywhere from Ba Sing Se to the Si Wong.;A;A;;A;;;;;;;;;x
EVTDESCATLA.110;As surely as Spring turns to Summer, the Avatar Cycle continues. With the previous Avatar's passing, it is now only a matter of time until the Avatar will once again be reborn amongst the Firebenders. It will no doubt be many years until the Fire Sages can identify this new Avatar...;A;A;;A;;;;;;;;;x
EVTOPTATLAA.110;Hopefully the wisdom of the Fire Sages find them quickly.;A;A;;A;;;;;;;;;x
EVTOPTATLAB.110;The Avatar is once again reborn.;A;A;;A;;;;;;;;;x
mount;Animal Companion;A;A;;A;;;;;;;;;x
staffGlider;Masterwork Glider;A;A;;A;;;;;;;;;x
staffGlider_desc;This is a typical example of an Air Nomad Glider Staff, allowing any Airbender to take quick flight at a moment's notice. This staff however, stands out above the rest for the expert craftsmanship and attention given to creating this particular staff. ;A;A;;A;;;;;;;;;x
swordDuelDao;Duel Dao's;A;A;;A;;;;;;;;;x
swordDuelDao_desc;These weapons a rare choice for even the most skilled of swordsmen, who use both blades to great effect in battle.;A;A;;A;;;;;;;;;x
swordSpaceSword;Meteor Sword;A;A;;A;;;;;;;;;x
swordSpaceSword_desc;This weapon itself is of legendary status. This blade was forged with dark metal that fell from the heavens above. It's design is not all too dissimilar to the powerful and rare blades wielded by sword masters in the Fire Nation. ;A;A;;A;;;;;;;;;x
swordFireDao;Masterful Jian;A;A;;A;;;;;;;;;x
swordFireDao_desc;This sword is masterfully forged, a Jian not all too uncommon during the warlord period in the Fire Isles. Once a choice weapon for high ranking nobles, it is now primarily used solely by master swordsmen, whose command of blades such as these are unmatched.;A;A;;A;;;;;;;;;x
wristMeteoriteBracelet;Meteorite Bracelet;A;A;;A;;;;;;;;;x
wristMeteoriteBracelet_desc;This bracelet was made out of metal extracted out of a Meteorite which fell from the heavens above.  Those who've worked this metal often report it has strange, malleable properties.;A;A;;A;;;;;;;;;x
crownEarthKing;Crown of the Earth King;A;A;;A;;;;;;;;;x
crownEarthKing_desc;For generations, the monarchs of the Earth Kingdom have worn a great crown to symbolise their power and status. While the exact design has been changed and modified over the centuries, it is never the less a continuation of the crown worn by the very first Earth King untold generations ago.;A;A;;A;;;;;;;;;x
crownFirelord;Crown of the Firelord;A;A;;A;;;;;;;;;x
crownFirelord_desc;This Crown was created for the coronation of the first Firelord, to be passed down to each Firelord after, a simplistic yet splendid symbol of the Fire Nation. Whomever wears the crown commands the respect any Firelord deserves.;A;A;;A;;;;;;;;;x
crownSunWarrior;Crown of the Sun King;A;A;;A;;;;;;;;;x
crownSunWarrior_desc;This glorious crown was restored from the one that was once worn by the monarchs of the Sun Kingdom in it's golden age. It's magnificence is a symbol of the Sun Warrior's power and majesty, both past and future.;A;A;;A;;;;;;;;;x
mountDragon;Dragon;A;A;;A;;;;;;;;;x
mountDragon_desc;A Dragon can never be tamed or 'domesticated'. These intelligent creatures only accompany their riders willingly, and when they do, they are a powerful ally and a mighty force to be reckoned with.;A;A;;A;;;;;;;;;x
mountSkybison;Skybison;A;A;;A;;;;;;;;;x
mountSkybison_desc;A Skybison is an amazing creature capable of flight. They are mostly friendly creatures with strong spiritual ties with the Airbenders, who have cared for, tamed and travelled with the Skybison for untold generations.;A;A;;A;;;;;;;;;x
mountOstrichHorse;Ostrich Horse;A;A;;A;;;;;;;;;x
mountOstrichHorse_desc;The Ostrich Horse is a common beast of burden in the Earth Kingdom, as well as the primary choice of mount in the Earth Kingdom Army, who have a long standing tradition of utilising Ostrich Horse riders in battle. ;A;A;;A;;;;;;;;;x
clubWaterWarriorWeapon;Warrior's Club;A;A;;A;;;;;;;;;x
clubWaterWarriorWeapon_desc;Simple but effective, this weapon is for hunting purposes, eliminating prey with blunt force.;A;A;;A;;;;;;;;;x
spearWaterWarriorWeapon;Warrior's Spear;A;A;;A;;;;;;;;;x
spearWaterWarriorWeapon_desc;A weapon commonly found to be wielded by Water Tribe warriors at war abroad, this Spear is of excellent craftsmanship and a handy weapon.;A;A;;A;;;;;;;;;x
petCat;Pet Cat;A;A;;A;;;;;;;;;x
petCat_desc;Rare and odd creatures, Cats have been found to exist in the northern, mountainous regions of the Earth Kingdom. Oddly enough, they prove to be quite good companions.;A;A;;A;;;;;;;;;x
petFerret;Pet Fire Ferret;A;A;;A;;;;;;;;;x
petFerret_desc;Native to the Fire Isles, Fire Ferrets are common pets throughout the region and beyond.;A;A;;A;;;;;;;;;x
